{"current":{"color_primary":"#202020","color_secondary":"#333333","color_dark":"#54e487","color_light":"#030303","color_body_bg":"#fafafa","color_body_text":"#333333","color_price":"#28a745","color_variante":"#202020","color_button_buy":"#28a745","color_text_button_buy":"#ffffff","color_border_button_add_cart":"#d2d2d2","color_text_button_add_cart":"#6c6c6c","color_text":"#545454","favicon":"shopify:\/\/shop_images\/logo.jpg","font_headings":"poppins_n4","qtd_sem_juros_parcelamento":"4","taxa_segunda_parcela":"4.51","predictive_search_enable":true,"predictive_search_img_width":"120","predictive_search_img_height":"120","predictive_search_img_thumbnail":false,"predictive_search_show_rating":true,"predictive_search_animate":"animate__backInRight","wishlist_img_thumbnail":false,"cart_show_applied_discounts":true,"cart_show_discount_code":false,"cart_goal_enable":true,"cart_goal_thresholds":"BRL:100,\nUSD:180,\nGBP:150","cart_goal_message_goal_not_reached":"<p>Only <strong>[amount]<\/strong> left to win <strong>Free Shipping<\/strong><\/p>","cart_goal_message_goal_reached":"<p>You've won <strong>Free Shipping<\/strong>!<\/p>","cart_goal_color_not_reached":"bg-primary","share_facebook":true,"share_twitter":false,"share_email":false,"social_facebook_link":"https:\/\/www.facebook.com\/","social_twitter_link":"","social_instagram_link":"https:\/\/www.instagram.com\/","social_pinterest_link":"","social_snapchat_link":"","social_youtube_link":"","social_linkedin_link":"","modal_animation_enter":"animate__backInUp","modal_animation_exit":"animate__zoomOutDown","modal_animation_speed":"animate__fast","toast_position":"bottom-right","toast_delay":15,"toast_btn_color":"#ff0000","cookie_bar_enable":false,"cookie_bar_lang":"","cookie_bar_no_geoip":true,"cookie_bar_show_details_btn":false,"cookie_bar_show_policy_link":false,"cookie_bar_z_index":"1","ali_hunter_enable":true,"custom_gradient":"\/\/linear-gradient(to right, #40e0d0, #ff8c00, #ff0080);","predictive_search_type":"product, collection, article, page","taxa_parcelamento":"3","cart_goal_threshold":"200","modal_animation":"animate__jackInTheBox","sections":{"topbar":{"type":"topbar","settings":{"topbar_display":true,"announcement_homepage":false,"container":true,"topbg":"#000000","toplink":"#fafafa","topbar_dis":true,"announcement_content":"<p>Up to 50% off, for a limited time only!  [timecont]<\/p>","announcement_animate":false,"announcement_animate_name":"animate__tada","anuncio_img":true,"img_fundo":"#000000","url_i":""}},"navbar":{"type":"navbar","settings":{"menu_flut":true,"bg":"#fafafa","menulink":"#000000","bglink":"#121212","peslink":"#000000","shadow":"shadow-none","cor_box":"form-transparent","container":true,"logo_height":"220","menu":"main-menu","menu_position":"mx-auto","menu_dropdown_animation":"animate__pulse","menu_dropdown_animation_speed":"animate__faster","fone":"","email":"","wishlist_icon_bubble_color":"#ff8c00","wishlist_icon_animate_class":"animate__heartBeat","show_icon_cart":true,"cart_icon_icon":"cart","cart_icon_badge_color_empty":"#000000","cart_icon_badge_color_has_items":"#e22120","cart_icon_animate_class":"animate__wobble"}},"footer":{"type":"footer","blocks":{"65fab46b-2e97-4790-a557-50eb630a10db":{"type":"link_list","settings":{"menu":"","title":"Institutional"}},"ed4b0d0d-7f3a-4786-b3be-4f2408522341":{"type":"newsletter","settings":{"title":"Newsletter","description":"<p>Stay on top of the news!<\/p>","cor_box":"form-opac","btn_color":"btn-dark","btn_size":"btn-sm"}},"08692c93-131d-4ed3-bb37-0cb9cc7cd072":{"type":"headline","disabled":true,"settings":{"btitle":"Support via WhatsApp","icone":"<svg width=\"20\" height=\"20\" viewbox=\"0 0 16 16\" class=\"bi bi-whatsapp\" fill=\"currentColor\" xmlns=\"http:\/\/www.w3.org\/2000\/svg\"><path fill-rule=\"evenodd\" d=\"M13.601 2.326A7.854 7.854 0 0 0 7.994 0C3.627 0 .068 3.558.064 7.926c0 1.399.366 2.76 1.057 3.965L0 16l4.204-1.102a7.933 7.933 0 0 0 3.79.965h.004c4.368 0 7.926-3.558 7.93-7.93A7.898 7.898 0 0 0 13.6 2.326zM7.994 14.521a6.573 6.573 0 0 1-3.356-.92l-.24-.144-2.494.654.666-2.433-.156-.251a6.56 6.56 0 0 1-1.007-3.505c0-3.626 2.957-6.584 6.591-6.584a6.56 6.56 0 0 1 4.66 1.931 6.557 6.557 0 0 1 1.928 4.66c-.004 3.639-2.961 6.592-6.592 6.592zm3.615-4.934c-.197-.099-1.17-.578-1.353-.646-.182-.065-.315-.099-.445.099-.133.197-.513.646-.627.775-.114.133-.232.148-.43.05-.197-.1-.836-.308-1.592-.985-.59-.525-.985-1.175-1.103-1.372-.114-.198-.011-.304.088-.403.087-.088.197-.232.296-.346.1-.114.133-.198.198-.33.065-.134.034-.248-.015-.347-.05-.099-.445-1.076-.612-1.47-.16-.389-.323-.335-.445-.34-.114-.007-.247-.007-.38-.007a.729.729 0 0 0-.529.247c-.182.198-.691.677-.691 1.654 0 .977.71 1.916.81 2.049.098.133 1.394 2.132 3.383 2.992.47.205.84.326 1.129.418.475.152.904.129 1.246.08.38-.058 1.171-.48 1.338-.943.164-.464.164-.86.114-.943-.049-.084-.182-.133-.38-.232z\"><\/path><\/svg>","btn_color":"btn-dark","btn_size":"btn-sm","button_url":""}}},"block_order":["65fab46b-2e97-4790-a557-50eb630a10db","ed4b0d0d-7f3a-4786-b3be-4f2408522341","08692c93-131d-4ed3-bb37-0cb9cc7cd072"],"settings":{"bg":"#f4f4f4","cortit":"#0a0a0a","bglink":"#0a0a0a","container":true,"show_social_icons":true,"social_icon_animate":"animate__tada","heading_size":"h5","show_about_us":true,"about_logo_height":"180","about_description":"<p>The best products, safe purchase, trust and agility you find here. Got a question or want to make a suggestion? Get in touch with us!<\/p>","about_email":"","about_phone":"","bg2":"#0a0a0a","cortitle2":"#ffffff","titlepg":"Payment methods","titleseg":"Safety and quality","titlesocialm":"Social media","store_name":"","enable_cnpj":false,"cnpj_endereco":"","show_powered_by":false,"row_tablet":4,"row_desktop":2,"padding_top":0,"padding_bottom":0,"margin_top":0,"show_orbe":false}},"160933884071eee85d":{"type":"carousel","blocks":{"160933884071eee85d-0":{"type":"image","settings":{"image":"shopify:\/\/shop_images\/BASIK.png","imagemb":"shopify:\/\/shop_images\/BASIK.png","button_url":"shopify:\/\/collections\/all"}}},"block_order":["160933884071eee85d-0"],"settings":{"controls":true,"indicators":false,"bg_color":"bg-dark","backdrop":false,"container":false,"autoplay":true,"interval":6,"autoplay_progress_bar":true,"autoplay_progress_bar_color":"bg-white opacity-50","transition_effect":"","transition_speed":"animate__normal","lazyload":true,"margin_top":0,"margin_bottom":0}},"1609370220a8149c9d":{"type":"featured-collection","blocks":{"4998576a-39fa-45d1-b69f-7759fbd860f1":{"type":"collection","disabled":true,"settings":{"collection":"best-offers","tab_title":"Best Offers"}},"b45f6552-55a4-47d7-af1b-5bfae39de042":{"type":"collection","settings":{"collection":"best-sellers","tab_title":"Best Sellers"}}},"block_order":["4998576a-39fa-45d1-b69f-7759fbd860f1","b45f6552-55a4-47d7-af1b-5bfae39de042"],"settings":{"title":"","description":"","bg_light":false,"title_alignment":"text-center","title_size":"h2","tabs_alignment":"justify-content-center","container":true,"limit":"15","carousel_arrows":false,"carousel_pagination":false,"carousel_rewind":false,"carousel_autoplay":false,"carousel_interval":6,"carousel_easing":"cubic-bezier(.42,.65,.27,.99)","carousel_speed":"400","img_width":"480","img_height":"480","img_thumbnail":false,"product_title_heading_size":"h6","show_rating":true,"no_show_rating_name":true,"show_price":true,"breakpoint_xm":3,"breakpoint_sm":3,"breakpoint_md":4,"breakpoint_lg":5,"breakpoint_xl":5,"breakpoint_xxl":5,"padding_top":0,"padding_bottom":0,"margin_top":0,"margin_bottom":0}},"infobar":{"type":"infobar","blocks":{"infobar-0":{"type":"text","settings":{"icon":"<svg xmlns=\"http:\/\/www.w3.org\/2000\/svg\" width=\"40\" height=\"40\" fill=\"currentColor\" class=\"bi bi-box-seam\" viewbox=\"0 0 16 16\">\n  <path d=\"M8.186 1.113a.5.5 0 0 0-.372 0L1.846 3.5l2.404.961L10.404 2l-2.218-.887zm3.564 1.426L5.596 5 8 5.961 14.154 3.5l-2.404-.961zm3.25 1.7-6.5 2.6v7.922l6.5-2.6V4.24zM7.5 14.762V6.838L1 4.239v7.923l6.5 2.6zM7.443.184a1.5 1.5 0 0 1 1.114 0l7.129 2.852A.5.5 0 0 1 16 3.5v8.662a1 1 0 0 1-.629.928l-7.185 2.874a.5.5 0 0 1-.372 0L.63 13.09a1 1 0 0 1-.63-.928V3.5a.5.5 0 0 1 .314-.464L7.443.184z\"><\/path>\n<\/svg>","icon_color":"#d4012a","title":"Free shipping","description":"<p>Our shipping is free worldwide.<\/p>"}},"infobar-1":{"type":"text","settings":{"icon":"<svg xmlns=\"http:\/\/www.w3.org\/2000\/svg\" width=\"40\" height=\"40\" fill=\"currentColor\" class=\"bi bi-shield-check\" viewbox=\"0 0 16 16\">\n  <path d=\"M5.338 1.59a61.44 61.44 0 0 0-2.837.856.481.481 0 0 0-.328.39c-.554 4.157.726 7.19 2.253 9.188a10.725 10.725 0 0 0 2.287 2.233c.346.244.652.42.893.533.12.057.218.095.293.118a.55.55 0 0 0 .101.025.615.615 0 0 0 .1-.025c.076-.023.174-.061.294-.118.24-.113.547-.29.893-.533a10.726 10.726 0 0 0 2.287-2.233c1.527-1.997 2.807-5.031 2.253-9.188a.48.48 0 0 0-.328-.39c-.651-.213-1.75-.56-2.837-.855C9.552 1.29 8.531 1.067 8 1.067c-.53 0-1.552.223-2.662.524zM5.072.56C6.157.265 7.31 0 8 0s1.843.265 2.928.56c1.11.3 2.229.655 2.887.87a1.54 1.54 0 0 1 1.044 1.262c.596 4.477-.787 7.795-2.465 9.99a11.775 11.775 0 0 1-2.517 2.453 7.159 7.159 0 0 1-1.048.625c-.28.132-.581.24-.829.24s-.548-.108-.829-.24a7.158 7.158 0 0 1-1.048-.625 11.777 11.777 0 0 1-2.517-2.453C1.928 10.487.545 7.169 1.141 2.692A1.54 1.54 0 0 1 2.185 1.43 62.456 62.456 0 0 1 5.072.56z\"><\/path>\n  <path d=\"M10.854 5.146a.5.5 0 0 1 0 .708l-3 3a.5.5 0 0 1-.708 0l-1.5-1.5a.5.5 0 1 1 .708-.708L7.5 7.793l2.646-2.647a.5.5 0 0 1 .708 0z\"><\/path>\n<\/svg>","icon_color":"#d4012a","title":"Guaranteed Purchase","description":"<p>Store registered and with SSL certificate.<\/p>"}},"infobar-2":{"type":"text","settings":{"icon":"<svg xmlns=\"http:\/\/www.w3.org\/2000\/svg\" width=\"40\" height=\"40\" fill=\"currentColor\" class=\"bi bi-x-diamond\" viewbox=\"0 0 16 16\">\n  <path d=\"M7.987 16a1.526 1.526 0 0 1-1.07-.448L.45 9.082a1.531 1.531 0 0 1 0-2.165L6.917.45a1.531 1.531 0 0 1 2.166 0l6.469 6.468A1.526 1.526 0 0 1 16 8.013a1.526 1.526 0 0 1-.448 1.07l-6.47 6.469A1.526 1.526 0 0 1 7.988 16zM7.639 1.17 4.766 4.044 8 7.278l3.234-3.234L8.361 1.17a.51.51 0 0 0-.722 0zM8.722 8l3.234 3.234 2.873-2.873c.2-.2.2-.523 0-.722l-2.873-2.873L8.722 8zM8 8.722l-3.234 3.234 2.873 2.873c.2.2.523.2.722 0l2.873-2.873L8 8.722zM7.278 8 4.044 4.766 1.17 7.639a.511.511 0 0 0 0 .722l2.874 2.873L7.278 8z\"><\/path>\n<\/svg>","icon_color":"#d4012a","title":"Secure Payment","description":"<p>Strongly secure environment for payments.<\/p>"}},"infobar-3":{"type":"text","settings":{"icon":"<svg xmlns=\"http:\/\/www.w3.org\/2000\/svg\" width=\"40\" height=\"40\" fill=\"currentColor\" class=\"bi bi-headset\" viewbox=\"0 0 16 16\">\n  <path d=\"M8 1a5 5 0 0 0-5 5v1h1a1 1 0 0 1 1 1v3a1 1 0 0 1-1 1H3a1 1 0 0 1-1-1V6a6 6 0 1 1 12 0v6a2.5 2.5 0 0 1-2.5 2.5H9.366a1 1 0 0 1-.866.5h-1a1 1 0 1 1 0-2h1a1 1 0 0 1 .866.5H11.5A1.5 1.5 0 0 0 13 12h-1a1 1 0 0 1-1-1V8a1 1 0 0 1 1-1h1V6a5 5 0 0 0-5-5z\"><\/path>\n<\/svg>","icon_color":"#d4012a","title":"Fast Support","description":"<p>Service from Monday to Friday 9 am to 5 pm.<\/p>"}}},"block_order":["infobar-0","infobar-1","infobar-2","infobar-3"],"settings":{"bg_cor":"#fdfdfd","infolink":"#484848","container":true,"title_size":"h6","animate_class":"","row_mobile":1,"row_tablet":2,"row_desktop":4,"padding_top":1,"padding_bottom":3}},"1610113514b9d4b3d6":{"type":"separator","settings":{"container":true,"margin_top":9,"margin_bottom":9}},"1610178560d1807d19":{"type":"newsletter","settings":{"title":"Get up to 10% off!","description":"<p>Be the first to be notified about our offers.<\/p>","note":"","bg_color":"bg-white text-body","btn_color":"btn-dark","btn_size":"btn-lg","padding_top":7,"padding_bottom":7,"margin_top":0,"margin_bottom":0}},"cart-template":{"type":"cart-template","settings":{"description":"<p>Have questions? Please <a href=\"\/pages\/contact\" title=\"Contact\">Contact Us<\/a><\/p>","img_width":"360","img_height":"360","img_thumbnail":false,"show_qty":true,"show_note":true,"note_rows":4,"show_discount_code":false,"show_payment_icons":true}},"list-collections-template":{"type":"list-collections-template","settings":{"title":"Our collections","description":"<p><a href=\"\/collections\/all\" title=\"All products\">Browse all products<\/a><\/p>","paginate":18,"container":true,"hide_collections":"frontpage, promo, compre-junto-01, compre-junto-02, compre-junto-03, compre-junto-04, compre-junto-05, compre-junto-06, compre-junto-07, compre-junto-08, compre-junto-09, compre-junto-10","img_width":"480","img_height":"480","img_thumbnail":true,"show_products_count":true,"row_mobile":2,"row_tablet":3,"row_desktop":3}},"collection-template":{"type":"collection-template","settings":{"container":true,"paginate":12,"show_tags":true,"show_collection_img":false,"infinite_scroll":true,"enable_filters":true,"show_filter_color":false,"img_width":"480","img_height":"480","img_thumbnail":false,"product_title_heading_size":"h6","show_rating":true,"no_show_rating_name":true,"show_price":true,"row_mobile":3,"row_tablet":4,"row_desktop":5}},"product-template":{"type":"product-template","blocks":{"product-template-0":{"type":"product_desc","settings":{"title":"Product details"}}},"block_order":["product-template-0"],"settings":{"title_small_font":true,"show_valor_parcelado":false,"show_vendor":false,"frete":false,"show_type":false,"show_sku":false,"show_qty":true,"show_add_to_cart_button":true,"show_buy_it_now_button":true,"desconto":true,"enable_texto_economize":true,"text_economize":"Save","size_text_economize":"12px","size_text_12x":"18px","enable_timer":false,"time_limit":"09\/07\/2022","size_text":"18px","size_timer":"18px","size_timer_text":"14px","text_timer":"<p><em>CUSTOMIZABLE TIMER<\/em><\/p><p><strong>OFFER ENDS IN:<\/strong><\/p>","show_payment_icons":true,"show_social_sharing":true,"show_tags":false,"add_to_cart_btn_animation":"animate__shakeX","img_width":"720","img_height":"720","img_thumbnail":false,"image_gallery_controls":false,"image_gallery_thumbnails":true,"image_gallery_thumbnails_auto_play":false,"image_gallery_interval":5,"image_gallery_progress_bar":true,"image_gallery_progress_bar_color":"bg-success","image_gallery_transition":"slide","image_gallery_fancybox_animation_effect":"zoom","image_gallery_fancybox_animation_duration":"300","image_gallery_fancybox_transition_effect":"tube","image_gallery_fancybox_transition_duration":"600","color_swatches_enabled":true,"show_badge_mostsell":true,"show_badge_moreeconomy":true,"badge_mostsell_position":2,"badge_moreeconomy_position":3,"color_kit_main":"#28ba86","color_kit_badge_mostsell":"#ff6500","color_kit_badge_discount":"#c11b1b","color_kit_badge_moreeconomy":"#ffc107","color_kit_badge_soldout":"#333333","swatch_quadrado":false,"size_swatch":"65px","variant_swatch_color_name":"Escolha a cor","inventory_bar_enable":false,"inventory_bar_low_no":"5","inventory_bar_has_stock_color":"bg-warning","delivery_time":true,"entrega_estimada_cor":"#202020","textofrete":"Free shipping","delivery_time_text":"Receive between:","enable_garantia":true,"garantia_text":"30 Days Warranty","enable_troca":true,"troca_text":"7 days for exchanges and returns","troca_cor":"#808080","size_text_frete":"14px","delivery_time_min_days":7,"delivery_time_max_days":32,"vendidos":false,"vendidos_texto":"units sold","vendidos_cor":"#dd2222"}},"product-bundle":{"type":"product-bundle","settings":{"enable_section":true,"title":"Often bought togethers","description":"<p>Buy all the products below at once and immediately get <strong>15% off.<\/strong><\/p>","container":true,"title_alignment":"text-center","title_size":"h2","img_width":"480","img_height":"480","img_thumbnail":true,"product_title_heading_size":"h6","show_rating":true,"show_price":true,"enable_discounts":false,"discount_percentage":20,"discount_min_products":"2","row_mobile":2,"row_tablet":3,"row_desktop":4,"padding_top":9,"padding_bottom":9,"margin_top":0,"margin_bottom":9}},"product-related":{"type":"product-related","settings":{"enable_section":true,"title":"Related products","description":"","container":true,"bg_light":false,"title_alignment":"text-center","title_size":"h2","limit":"15","carousel_arrows":true,"carousel_pagination":false,"carousel_rewind":false,"carousel_autoplay":false,"carousel_interval":6,"carousel_easing":"cubic-bezier(.42,.65,.27,.99)","carousel_speed":"400","img_width":"480","img_height":"480","img_thumbnail":true,"product_title_heading_size":"h6","show_rating":true,"show_price":true,"breakpoint_xm":3,"breakpoint_sm":3,"breakpoint_md":4,"breakpoint_lg":5,"breakpoint_xl":5,"breakpoint_xxl":5,"padding_top":0,"padding_bottom":0,"margin_top":0,"margin_bottom":9}},"product-recently-viewed":{"type":"product-recently-viewed","settings":{"enable_section":true,"title":"Recently visited products","description":"","container":true,"bg_light":false,"title_alignment":"text-center","title_size":"h2","limit":15,"carousel_arrows":true,"carousel_pagination":false,"carousel_rewind":false,"carousel_autoplay":false,"carousel_interval":6,"carousel_easing":"cubic-bezier(.42,.65,.27,.99)","carousel_speed":"400","img_width":"480","img_height":"480","img_thumbnail":false,"product_title_heading_size":"h6","show_price":false,"breakpoint_xm":3,"breakpoint_sm":3,"breakpoint_md":4,"breakpoint_lg":5,"breakpoint_xl":5,"breakpoint_xxl":5,"padding_top":0,"padding_bottom":0,"margin_top":0,"margin_bottom":6}},"product-sticky-atc":{"type":"product-sticky-atc","settings":{"enable_section":true,"position":"bottom-center","animation_enter":"animate__fadeInUp","animation_exit":"animate__fadeOutDown","animation_speed":"animate__normal","img_width":"72","img_height":"72","img_thumbnail":false,"show_rating":true,"add_to_cart_btn_animation":"animate__pulse"}},"password-template":{"type":"password-template","settings":{"logo_height":"40","show_countdown":false,"countdown_date":"","show_social_icons":true,"show_powered_by":true,"show_theme_by":true}},"sticky-newsletter":{"type":"sticky-newsletter","settings":{"enable_section":false,"show_only_homepage":false,"position":"bottom-center","title":"GET 10% DISCOUNT NOW!","description":"<p>Immediately get 10% OFF on your first purchase when you sign up for our newsletters!<\/p>","top_treshold":"100","bottom_treshold":"500","show_after_x_days":3,"btn_color":"btn-light","btn_size":"btn-lg","animation_enter":"animate__fadeInUp","animation_exit":"animate__fadeOutDown","animation_speed":"animate__normal"}},"page-template-about":{"type":"page-template-about","blocks":{"page-template-about-0":{"type":"text","settings":{"title":"Working days","description":"<p>From monday to friday<\/p>"}},"page-template-about-1":{"type":"text","settings":{"title":"Working hours","description":"<p>09am to 6pm<\/p>"}},"page-template-about-2":{"type":"text","settings":{"title":"Prefer to call?","description":"<p><a href=\"tel:+551199999-9999\" title=\"tel:+551199999-9999\">(11) 99999-9999<\/a><\/p>"}}},"block_order":["page-template-about-0","page-template-about-1","page-template-about-2"],"settings":{"description":"<p>Inspired by simplicity, driven by performance.<\/p>","page_max_width":"767","main_image_width":"1200","main_image_height":"600","main_image_img_thumbnail":true,"enable_team_blocks":true,"team_title":"Meet the team","team_description":"<p>We are passionate about providing you with the most...<\/p>","team_bg_light":true,"team_title_alignment":"text-center","team_image_width":"480","team_image_height":"480","team_image_img_thumbnail":true,"team_row_mobile":2,"team_row_tablet":4,"team_row_desktop":4,"bottom_notice":"<p>Questions? <a href=\"\/pages\/contact\" title=\"contact\">Contact us<\/a><\/p>","bottom_notice_alert_style":"alert-info"}},"page-template-x":{"type":"page-template-x","blocks":{"788ae06e-9f66-4b38-ac85-b98b320ec354":{"type":"richtext","settings":{"htm":"<p><strong>Amazing offer here<\/p>","tag":"promoção","star":true,"imgp":"shopify:\/\/shop_images\/IMG_1_d544c2c5-8726-4c2f-b045-e86b7c144f97.jpg","bg_cor":"#090c13","bglink":"#ffffff"}},"bc170b8e-ba3a-4dd9-88b9-6d7aeb5f029b":{"type":"social","settings":{"title":"Elected the best cost X benefit on the market","bg_cor":"#d60101","linkcor":"#ffffff","sub":"<p><strong>Sales success,<\/strong> don't be left out, get yours now!<\/p>","img":"shopify:\/\/shop_images\/IMG_2_b842d782-fde8-4a79-9af9-c6cb5dec307c.jpg","video_url":"https:\/\/www.youtube.com\/watch?v=ZaGWdqhy3tQ","botaobene":"#comprar","textobotaobene":"Comprar agora","icon":"<svg xmlns=\"http:\/\/www.w3.org\/2000\/svg\" width=\"30\" height=\"30\" fill=\"currentColor\" class=\"bi bi-check-circle-fill\" viewbox=\"0 0 16 16\">\n  <path d=\"M16 8A8 8 0 1 1 0 8a8 8 0 0 1 16 0zm-3.97-3.03a.75.75 0 0 0-1.08.022L7.477 9.417 5.384 7.323a.75.75 0 0 0-1.06 1.06L6.97 11.03a.75.75 0 0 0 1.079-.02l3.992-4.99a.75.75 0 0 0-.01-1.05z\"><\/path>\n<\/svg>","p1":"Monitoring of physical activities","p2":"Sleep monitoring","p3":"heart rate meter","p4":"Notifications & calls","p5":"10-day battery life","p6":"","p7":"","p8":"","p9":"","p10":""}},"c49b1b1d-e5c0-47f5-893f-29f7f013ab4c":{"type":"social","disabled":true,"settings":{"title":"Big promise","bg_cor":"#202a34","linkcor":"#ffffff","sub":"<p>werwerwerwer<\/p>","video_url":"https:\/\/www.youtube.com\/watch?v=dQw4w9WgXcQ","botaobene":"","textobotaobene":"Buy now","icon":"<svg xmlns=\"http:\/\/www.w3.org\/2000\/svg\" width=\"16\" height=\"16\" fill=\"currentColor\" class=\"bi bi-bootstrap-reboot\" viewbox=\"0 0 16 16\">\n  <path d=\"M1.161 8a6.84 6.84 0 1 0 6.842-6.84.58.58 0 1 1 0-1.16 8 8 0 1 1-6.556 3.412l-.663-.577a.58.58 0 0 1 .227-.997l2.52-.69a.58.58 0 0 1 .728.633l-.332 2.592a.58.58 0 0 1-.956.364l-.643-.56A6.812 6.812 0 0 0 1.16 8z\"><\/path>\n  <path d=\"M6.641 11.671V8.843h1.57l1.498 2.828h1.314L9.377 8.665c.897-.3 1.427-1.106 1.427-2.1 0-1.37-.943-2.246-2.456-2.246H5.5v7.352h1.141zm0-3.75V5.277h1.57c.881 0 1.416.499 1.416 1.32 0 .84-.504 1.324-1.386 1.324h-1.6z\"><\/path>\n<\/svg>","p1":"Big promise","p2":"Big promise","p3":"Big promise","p4":"Big promise","p5":"Big promise","p6":"Big promise","p7":"Big promise","p8":"Big promise","p9":"Big promise","p10":"Big promise"}},"5c2e74d9-60f7-478d-a8f2-ba25177f28c0":{"type":"html","settings":{"title":"Big promise","htm":"<p>Big promise<\/p><p><\/p>","imgp":"shopify:\/\/shop_images\/RELOGIO.jpg","bg_cor":"#000000","bglink":"#ffffff","botaoinfo":"#comprar","textobotaoinfo":"Buy now"}},"cb84c09d-7853-42a4-a285-1ae760519ef7":{"type":"html","settings":{"title":"Big promise","htm":"<p>Built to take it all, <strong>Smartwatch<\/strong> is full of functions to help you in your everyday life: notifications, calls, sleep and physical activity monitoring, etc.<\/p>","imgp":"shopify:\/\/shop_images\/BLITZWOLF.png","bg_cor":"#fbc02d","bglink":"#ffffff","botaoinfo":"#comprar","textobotaoinfo":"Comprar agora"}},"94b12eeb-88b7-455f-b989-e4c4177a5ecf":{"type":"link_list","settings":{"menu":"main-menu","title":"Useful links"}},"3da6c72f-4dff-4e6a-aba9-5661082bb677":{"type":"button","settings":{"title":"Frequently asked questions","faq1":"How long will it take to receive my order?","faqr1":"<p>Our shipping is free worldwide, with no additional surprises. Our deadline is 5 to 30 business days to arrive. Never worry about paying shipping again!<\/p><p><\/p>","faq2":"Is the website trustworthy?","faqr2":"<p>This site is completely secure. It has a Google security certificate and the payment is processed by one of the safest platforms for internet purchases in the world, 100% safe and confidential. It also has a guarantee of delivery and product quality.<\/p><p><\/p>","faq3":"Do you have warranty?","faqr3":"<p>Yes, we have a 30-day extended warranty against manufacturing defects.<\/p><p><\/p>","faq4":"","faqr4":"","faq5":"","faqr5":"<p><\/p><p><\/p>","bg_cor":"#262626","bglink":"#ffffff"}},"497c5e6e-8f8f-4786-94cc-0877c321944d":{"type":"image","settings":{"imgprova1":"shopify:\/\/shop_images\/IMG-1.jpg","prova1nome":"Jhonhyx","prova1":"<p>Write something cool in this box! <br\/>😎<\/p>","imgprova2":"shopify:\/\/shop_images\/IMG-2.jpg","prova2nome":"Jhonhyx","prova2":"<p>Write something cool in this box! <br\/>😎<\/p>","imgprova3":"shopify:\/\/shop_images\/IMG-1.jpg","prova3nome":"Jhonhyx","prova3":"<p>Write something cool in this box! <br\/>😎<br\/><\/p><p><\/p>","imgprova4":"shopify:\/\/shop_images\/IMG-2.jpg","prova4nome":"Jhonhyx","prova4":"<p>Write something cool in this box! <br\/>😎<\/p>","imgprova5":"shopify:\/\/shop_images\/IMG-1.jpg","prova5nome":"Jhonhyx","prova5":"<p>Write something cool in this box! <br\/>😎<br\/><br\/><\/p><p><\/p>"}}},"block_order":["788ae06e-9f66-4b38-ac85-b98b320ec354","bc170b8e-ba3a-4dd9-88b9-6d7aeb5f029b","c49b1b1d-e5c0-47f5-893f-29f7f013ab4c","5c2e74d9-60f7-478d-a8f2-ba25177f28c0","cb84c09d-7853-42a4-a285-1ae760519ef7","94b12eeb-88b7-455f-b989-e4c4177a5ecf","3da6c72f-4dff-4e6a-aba9-5661082bb677","497c5e6e-8f8f-4786-94cc-0877c321944d"],"settings":{"sobre":"<p>Business hours:<br\/> Mon to Fri: 9am - 6pm<\/p>","textowhats":"Assistance via WhatsApp","numerowhats":"63900000000","whatsfrase":"Hello, I would like to know how I can buy your product:","bt_whats":"#20c200","bt_hove":"#309d1d","btn_geral":"#d60101","btn_hove":"#fbc02d","icone":"#fbc02d","compra":true,"textbotaoflut":"BUY NOW","botaoflut":"#comprar","borda":true}},"article-template":{"type":"article-template","settings":{"show_tags":true,"show_author":true,"show_date":true,"show_comments_count":true,"enable_social_sharing":true,"img_width":"1280","img_height":"720","img_thumbnail":true,"max_width":"767","comments_per_page":10}},"blog-template":{"type":"blog-template","settings":{"description":"<p>Welcome to our blog, we hope it inspires you.<\/p>","results_per_page":10,"show_tags":true,"show_author":true,"show_date":true,"show_comments_count":true,"show_excerpt":true,"excerpt_length":"240","show_readmore":true,"readmore_color":"btn-outline-primary","readmore_size":"","img_width":"720","img_height":"405","img_thumbnail":true}},"search-template":{"type":"search-template","settings":{"container":true,"infinite_scroll":true,"limit":16,"img_width":"480","img_height":"480","img_thumbnail":true,"product_title_heading_size":"h6","show_rating":true,"show_price":true,"row_mobile":2,"row_tablet":3,"row_desktop":4}},"1629938086ae988321":{"type":"collection-list","blocks":{"1e61fed4-f923-4a44-b322-6d94f7fc03a0":{"type":"collection","settings":{"collection":"best-offers"}},"106b5575-5447-417f-a09d-20f09cec141e":{"type":"collection","settings":{"collection":"best-sellers"}},"3bbcbd4d-6022-49be-9a9b-c51291897fcf":{"type":"collection","settings":{"collection":"free-shipping"}}},"block_order":["1e61fed4-f923-4a44-b322-6d94f7fc03a0","106b5575-5447-417f-a09d-20f09cec141e","3bbcbd4d-6022-49be-9a9b-c51291897fcf"],"settings":{"title_t":"","description":"","container":true,"title_alignment":"text-center","title":true,"cortitlec":"#202020","corhover":"#202020","cor_bg":"#ffffff","carousel_arrows":false,"carousel_pagination":false,"carousel_rewind":true,"carousel_autoplay":false,"carousel_interval":6,"carousel_easing":"cubic-bezier(.42,.65,.27,.99)","carousel_speed":"400","img_width":"480","img_height":"480","img_thumbnail":false,"breakpoint_xm":3,"breakpoint_sm":3,"breakpoint_md":4,"breakpoint_lg":4,"breakpoint_xl":4,"breakpoint_xxl":4,"padding_top":0,"padding_bottom":3,"margin_top":6,"margin_bottom":3}},"1658933565428334b7":{"type":"featured-collection","blocks":{"25ac3534-3830-43e2-a777-0bf25a24339d":{"type":"collection","settings":{"collection":"best-offers","tab_title":"Best Offers"}},"f60e0d9a-4dd8-4697-8b22-ca6b8f20ab35":{"type":"collection","settings":{"collection":"best-sellers","tab_title":"Best Sellers"}}},"block_order":["25ac3534-3830-43e2-a777-0bf25a24339d","f60e0d9a-4dd8-4697-8b22-ca6b8f20ab35"],"settings":{"title":"Featured Collections","description":"<p>   <\/p>","bg_light":false,"title_alignment":"text-center","title_size":"h2","tabs_alignment":"justify-content-center","container":true,"limit":"15","carousel_arrows":false,"carousel_pagination":false,"carousel_rewind":false,"carousel_autoplay":false,"carousel_interval":6,"carousel_easing":"cubic-bezier(.42,.65,.27,.99)","carousel_speed":"400","img_width":"480","img_height":"480","img_thumbnail":false,"product_title_heading_size":"h6","show_rating":true,"no_show_rating_name":true,"show_price":true,"breakpoint_xm":3,"breakpoint_sm":3,"breakpoint_md":4,"breakpoint_lg":5,"breakpoint_xl":5,"breakpoint_xxl":5,"padding_top":0,"padding_bottom":0,"margin_top":0,"margin_bottom":0}},"165893360588f77e7d":{"type":"escassez","settings":{"title":"Offer of the day","oferta":"#202020","subt":"<p>Every day special products for you But run it's for a limited time!<\/p>","ofertabg":"#ffffff","ofertalink":"#e92626","padding_top":2,"padding_bottom":3,"margin_top":4,"margin_bottom":3}},"1658933644e78e1206":{"type":"separator","settings":{"container":true,"margin_top":9,"margin_bottom":9}},"1658933653392593f1":{"type":"carousel","blocks":{"a52531c7-ef6c-4d8a-bac6-5146663a0365":{"type":"image","settings":{"image":"shopify:\/\/shop_images\/BASIK.png","imagemb":"shopify:\/\/shop_images\/BASIK.png","button_url":"shopify:\/\/collections\/all"}}},"block_order":["a52531c7-ef6c-4d8a-bac6-5146663a0365"],"settings":{"controls":false,"indicators":false,"bg_color":"bg-custom-gradient","backdrop":false,"container":false,"autoplay":true,"interval":6,"autoplay_progress_bar":true,"autoplay_progress_bar_color":"bg-custom-gradient","transition_effect":"carousel-animate-css carousel-jack","transition_speed":"animate__normal","lazyload":true,"margin_top":2,"margin_bottom":0}},"page-template":{"type":"page-template","settings":{}},"page-template-contato":{"type":"page-template-contato","blocks":{"page-template-contato-0":{"type":"text","settings":{"title":"Working days","description":"<p>From monday to friday<\/p>"}},"page-template-contato-1":{"type":"text","settings":{"title":"Working hours","description":"<p>9 am to 6 pm<\/p>"}},"page-template-contato-2":{"type":"text","settings":{"title":"","description":""}}},"block_order":["page-template-contato-0","page-template-contato-1","page-template-contato-2"],"settings":{"description":"<p>Feel free to contact us. We usually respond within minutes.<\/p>","show_google_maps":false,"google_maps_title":"Physical address","google_maps_description":"<p>Brasilia, DF<\/p>","google_maps":"<iframe src=\"https:\/\/www.google.com\/maps\/embed?pb=!1m18!1m12!1m3!1d292333.9842040409!2d-48.049138164105614!3d-15.699312822112349!2m3!1f0!2f0!3f0!3m2!1i1024!2i768!4f13.1!3m3!1m2!1s0x935a3d18df9ae275%3A0x738470e469754a24!2zQnJhc8OtbGlhLCBERg!5e0!3m2!1spt-BR!2sbr!4v1624808606180!5m2!1spt-BR!2sbr\" width=\"100%\" height=\"450\" frameborder=\"0\" style=\"border:0;\" allowfullscreen=\"\" aria-hidden=\"false\" tabindex=\"0\"><\/iframe>"}}},"content_for_index":["160933884071eee85d","1629938086ae988321","1609370220a8149c9d","1658933565428334b7","1610113514b9d4b3d6","165893360588f77e7d","1658933644e78e1206","1610178560d1807d19","1658933653392593f1"]},"presets":{"Default":{}}}