[{"name":"theme_info","theme_name":"E-com Express","theme_version":"1.0","theme_author":"OrbeEcom","theme_documentation_url":"https:\/\/ajuda.orbeecom.com\/pt-br\/","theme_support_url":"https:\/\/orbeecom.com"},{"name":{"en":"Theme colors","pt-BR":"Cores do tema"},"settings":[{"type":"header","content":{"en":"Base","pt-BR":"Base"}},{"type":"color","id":"color_primary","label":{"en":"First","pt-BR":"Primeira"},"default":"#e94057"},{"type":"color","id":"color_secondary","label":{"en":"Second","pt-BR":"Segunda"},"default":"#6c757d"},{"type":"color","id":"color_dark","label":{"en":"Dark","pt-BR":"Escura"},"default":"#343a40"},{"type":"color","id":"color_light","label":{"en":"Light","pt-BR":"Clara"},"default":"#f8f9fa"},{"type":"header","content":{"en":"Header","pt-BR":"Cabeçalho"}},{"type":"color","id":"color_body_bg","label":{"en":"Background","pt-BR":"Fundo"},"default":"#ffffff"},{"type":"color","id":"color_body_text","label":{"en":"Text","pt-BR":"Texto"},"default":"#212529"},{"type":"header","content":{"en":"Extra","pt-BR":"Extra"}},{"type":"color","id":"color_price","label":{"en":"Price","pt-BR":"Preço"},"default":"#e22120"},{"type":"color","id":"color_variante","label":{"en":"Variant color","pt-BR":"Cor da variante"},"default":"#e22120"},{"type":"color","id":"color_button_buy","label":{"en":"Buy button","pt-BR":"Botão de compra"},"default":"#28a745"},{"type":"color","id":"color_text_button_buy","label":{"en":"Text color (Buy button)","pt-BR":"Cor do texto (Botão de compra)"},"default":"#ffffff"},{"type":"color","id":"color_button_add_cart","label":{"en":"Add to Cart Button","pt-BR":"Botão de adicionar ao carrinho"},"default":"#ffffff"},{"type":"color","id":"color_border_button_add_cart","label":{"en":"Border color (Add to cart button)","pt-BR":"Cor da borda (Botão adicionar ao carrinho)"},"default":"#20C200"},{"type":"color","id":"color_text_button_add_cart","label":{"en":"Text color (Add to cart button)","pt-BR":"Cor do texto (Botão adicionar ao carrinho)"},"default":"#20C200"},{"type":"color","id":"color_text","label":{"en":"Links","pt-BR":"Links"},"default":"#ffffff"},{"type":"color","id":"color_rating","label":{"en":"Rating","pt-BR":"Avaliação"},"default":"#fbc02d"}]},{"name":{"en":"Favicon","pt-BR":"Favicon"},"settings":[{"type":"image_picker","id":"favicon","label":{"en":"Favicon Image","pt-BR":"Imagem Favicon"},"info":{"en":"Will be reduced to 32x32px","pt-BR":"Será reduzido para 32x32px"}}]},{"name":{"en":"Typography (Font)","pt-BR":"Tipografia (Fonte)"},"settings":[{"type":"font_picker","id":"font_headings","default":"montserrat_n6","label":{"en":"Primary fonts","pt-BR":"Fontes primárias"}},{"type":"range","id":"heading_scale","min":100,"max":150,"step":5,"unit":"%","label":{"en":"Scale","pt-BR":"Escala"},"info":{"en":"In development","pt-BR":"Em desenvolvimento"},"default":100}]},{"name":{"en":"Installment","pt-BR":"Parcelamento"},"settings":[{"type":"checkbox","id":"parcelamento_enable","label":{"en":"Enable installment","pt-BR":"Habilitar parcelamento"},"default":false},{"type":"select","id":"qtd_sem_juros_parcelamento","label":{"en":"Number of interest-free installments","pt-BR":"Numero de vezes sem juros"},"info":{"en":"Note: The installment is only visible to the customer (see fee with your gatewey). *** Standard values are from Mercado Pago ***","pt-BR":"Nota: O parcelamento é apenas visível para o cliente (consulte taxa junto ao seu gatewey). *** Os valores padrões são do mercado pago ***"},"default":"1","options":[{"value":"1","label":"1x"},{"value":"2","label":"2x"},{"value":"3","label":"3x"},{"value":"4","label":"4x"},{"value":"5","label":"5x"},{"value":"6","label":"6x"},{"value":"7","label":"7x"},{"value":"8","label":"8x"},{"value":"9","label":"9x"},{"value":"10","label":"10x"},{"value":"11","label":"11x"},{"value":"12","label":"12x"}]},{"type":"text","id":"taxa_primeira_parcela","label":{"en":"1st installment","pt-BR":"1º parcela"},"info":{"en":"Add using (.) and with at least one decimal","pt-BR":"Adicione utilizando (.) e com pelo menos uma decimal"},"default":"0"},{"type":"text","id":"taxa_segunda_parcela","label":{"en":"2nd installment","pt-BR":"2º parcela"},"info":{"en":"Add using (.) and with at least one decimal","pt-BR":"Adicione utilizando (.) e com pelo menos uma decimal"},"default":"5.41"},{"type":"text","id":"taxa_terceira_parcela","label":{"en":"3rd installment","pt-BR":"3º parcela"},"info":{"en":"Add using (.) and with at least one decimal","pt-BR":"Adicione utilizando (.) e com pelo menos uma decimal"},"default":"6.78"},{"type":"text","id":"taxa_quarta_parcela","label":{"en":"4th installment","pt-BR":"4º parcela"},"info":{"en":"Add using (.) and with at least one decimal","pt-BR":"Adicione utilizando (.) e com pelo menos uma decimal"},"default":"8.25"},{"type":"text","id":"taxa_quinta_parcela","label":{"en":"5th installment","pt-BR":"5º parcela"},"info":{"en":"Add using (.) and with at least one decimal","pt-BR":"Adicione utilizando (.) e com pelo menos uma decimal"},"default":"9.66"},{"type":"text","id":"taxa_sexta_parcela","label":{"en":"6th installment","pt-BR":"6º parcela"},"info":{"en":"Add using (.) and with at least one decimal","pt-BR":"Adicione utilizando (.) e com pelo menos uma decimal"},"default":"11.04"},{"type":"text","id":"taxa_setima_parcela","label":{"en":"7th installment","pt-BR":"7º parcela"},"info":{"en":"Add using (.) and with at least one decimal","pt-BR":"Adicione utilizando (.) e com pelo menos uma decimal"},"default":"12.25"},{"type":"text","id":"taxa_oitava_parcela","label":{"en":"8th installment","pt-BR":"8º parcela"},"info":{"en":"Add using (.) and with at least one decimal","pt-BR":"Adicione utilizando (.) e com pelo menos uma decimal"},"default":"13.85"},{"type":"text","id":"taxa_nona_parcela","label":{"en":"9th installment","pt-BR":"9º parcela"},"info":{"en":"Add using (.) and with at least one decimal","pt-BR":"Adicione utilizando (.) e com pelo menos uma decimal"},"default":"15.44"},{"type":"text","id":"taxa_decima_parcela","label":{"en":"10th installment","pt-BR":"10º parcela"},"info":{"en":"Add using (.) and with at least one decimal","pt-BR":"Adicione utilizando (.) e com pelo menos uma decimal"},"default":"16.59"},{"type":"text","id":"taxa_decima_primeira_parcela","label":{"en":"11th installment","pt-BR":"11º parcela"},"info":{"en":"Add using (.) and with at least one decimal","pt-BR":"Adicione utilizando (.) e com pelo menos uma decimal"},"default":"18.19"},{"type":"text","id":"taxa_decima_segunda_parcela","label":{"en":"12th installment","pt-BR":"12º parcela"},"info":{"en":"Add using (.) and with at least one decimal","pt-BR":"Adicione utilizando (.) e com pelo menos uma decimal"},"default":"19.79"}]},{"name":{"en":"Search","pt-BR":"Pesquisa"},"settings":[{"type":"header","content":{"en":"Predictive search","pt-BR":"Pesquisa preditiva"}},{"type":"checkbox","id":"predictive_search_enable","label":{"en":"Activate predictive search","pt-BR":"Ativar pesquisa preditiva"},"default":true},{"type":"range","id":"predictive_search_count","label":{"en":"Predictive search result count","pt-BR":"Contagem de resultados de pesquisa preditiva"},"min":2,"max":10,"step":1,"default":5},{"type":"header","content":{"en":"Resources to search","pt-BR":"Recursos para pesquisar"}},{"type":"checkbox","id":"search_collection","label":{"en":"Collections","pt-BR":"Coleções"},"info":{"en":"Only available in the modal that opens on mobile.","pt-BR":"Disponível apenas no modal que abre no celular."},"default":true},{"type":"checkbox","id":"search_article","label":{"en":"Articles","pt-BR":"Artigos"},"default":false},{"type":"checkbox","id":"search_page","label":{"en":"Pages","pt-BR":"Páginas"},"default":false},{"type":"text","id":"predictive_search_fields","label":{"en":"Fields to search","pt-BR":"Campos para pesquisar"},"default":"title, product_type, variants.title, vendor,author, body, tag, variants.barcode, variants.sku","info":{"en":"Options are: title, product_type, variants.title, vendor,author, body, tag, variants.barcode, variants.sku.","pt-BR":"As opções são: title, product_type, variants.title, vendor,author, body, tag, variants.barcode, variants.sku."}},{"type":"select","id":"predictive_search_unavailable","label":{"en":"Avaliable products","pt-BR":"Produtos disponíveis"},"default":"last","options":[{"value":"show","label":{"en":"Show","pt-BR":"Mostrar"}},{"value":"hide","label":{"en":"Hide","pt-BR":"Esconder"}},{"value":"last","label":{"en":"Last","pt-BR":"Último"}}]},{"type":"text","id":"predictive_search_img_width","label":{"en":"Image width (px)","pt-BR":"Largura da imagem (px)"},"default":"120"},{"type":"text","id":"predictive_search_img_height","label":{"en":"Image height (px)","pt-BR":"Altura da imagem (px)"},"default":"120"},{"type":"checkbox","id":"predictive_search_img_thumbnail","label":{"en":"Image border","pt-BR":"Borda da imagem"},"default":true},{"type":"checkbox","id":"predictive_search_show_rating","label":{"en":"Show product review","pt-BR":"Mostrar avaliação do produto"},"default":true},{"type":"checkbox","id":"predictive_search_show_author","label":{"en":"Show author in articles","pt-BR":"Mostrar autor em artigos"},"default":true},{"type":"checkbox","id":"predictive_search_show_date","label":{"en":"Show date in articles","pt-BR":"Mostrar data em artigos"},"default":true},{"type":"checkbox","id":"predictive_search_show_excerpt","label":{"en":"Show excerpt in articles","pt-BR":"Mostrar trecho em artigos"},"default":true},{"type":"text","id":"predictive_search_animate","label":{"en":"Animation","pt-BR":"Animação"},"info":{"en":"Animation effect when scrolling. It only fires once. Leave empty to disable [Learn More](https:\/\/animate.style\/).","pt-BR":"Efeito de animação ao rolar. Ele dispara apenas uma vez. Deixe vazio para desativar [Saiba mais](https:\/\/animate.style\/)."},"default":"animate__backInRight"}]},{"name":{"en":"Wishlist","pt-BR":"Lista de desejos"},"settings":[{"type":"checkbox","id":"wishlist_enable","label":{"en":"Enable wishlist","pt-BR":"Habilitar lista de desejos"},"default":true},{"type":"text","id":"wishlist_img_width","label":{"en":"Image width (px)","pt-BR":"Largura da imagem (px)"},"default":"120"},{"type":"text","id":"wishlist_img_height","label":{"en":"Image height (px)","pt-BR":"Altura da imagem (px)"},"default":"120"},{"type":"checkbox","id":"wishlist_img_thumbnail","label":{"en":"Image border","pt-BR":"Borda da imagem"},"default":true},{"type":"checkbox","id":"wishlist_show_rating","label":{"en":"Show product review","pt-BR":"Mostrar avaliação do produto"},"default":true},{"type":"text","id":"wishlist_animate","label":{"en":"Animation","pt-BR":"Animação"},"info":{"en":"Animation effect when scrolling. It only fires once. Leave empty to disable [Learn More](https:\/\/animate.style\/).","pt-BR":"Efeito de animação ao rolar. Ele dispara apenas uma vez. Deixe vazio para desativar [Saiba mais](https:\/\/animate.style\/)."},"default":"animate__backInRight"}]},{"name":{"en":"Cart","pt-BR":"Carrinho"},"settings":[{"type":"header","content":{"en":"Cart modal","pt-BR":"Modal do carrinho"}},{"type":"text","id":"cart_img_width","label":{"en":"Image width (px)","pt-BR":"Largura da imagem (px)"},"default":"120"},{"type":"text","id":"cart_img_height","label":{"en":"Image height (px)","pt-BR":"Altura da imagem (px)"},"default":"120"},{"type":"checkbox","id":"cart_img_thumbnail","label":{"en":"Image border","pt-BR":"Borda da imagem"},"default":true},{"type":"checkbox","id":"cart_show_qty","label":{"en":"Show quantity","pt-BR":"Mostrar quantidade"},"default":true},{"type":"checkbox","id":"cart_show_applied_discounts","label":{"en":"Show applied discount information","pt-BR":"Mostrar informações de descontos aplicados"},"default":true},{"type":"checkbox","id":"cart_show_taxes_shipping_info","label":{"en":"Show tax\/shipping text","pt-BR":"Mostrar impostos\/texto de envio"},"default":true},{"type":"checkbox","id":"cart_show_buy_more_btn","label":{"en":"Show buy more button","pt-BR":"Mostrar botão de continuar comprando"},"default":true},{"type":"checkbox","id":"cart_show_all_products_btn","label":{"en":"Show all products button","pt-BR":"Mostrar botão de ver todos produtos"},"default":false},{"type":"checkbox","id":"cart_show_discount_code","label":{"en":"Show 'Enter discount' button","pt-BR":"Mostrar o botão 'Inserir desconto'"},"default":true},{"type":"checkbox","id":"cart_show_payment_icons","label":{"en":"Show payment icons","pt-BR":"Mostrar ícones de pagamento"},"default":true},{"type":"text","id":"cart_animate","label":{"en":"Animation","pt-BR":"Animação"},"info":{"en":"Animation effect when scrolling. It only fires once. Leave empty to disable [Learn More](https:\/\/animate.style\/).","pt-BR":"Efeito de animação ao rolar. Ele dispara apenas uma vez. Deixe vazio para desativar [Saiba mais](https:\/\/animate.style\/)."},"default":"animate__backInRight"},{"type":"header","content":{"en":"Cart goal","pt-BR":"Meta do carrinho"},"info":{"en":"Increase average order value by enabling pre-set cart goals.","pt-BR":"Aumente o valor médio do pedido, permitindo metas de carrinho predefinidas."}},{"type":"checkbox","id":"cart_goal_enable","label":{"en":"Enable cart goal","pt-BR":"Habilitar meta do carrinho"},"default":true},{"type":"textarea","id":"cart_goal_thresholds","label":{"en":"Goal thresholds","pt-BR":"Limites de meta"},"info":{"en":"The total amount in the cart (no currency) required to reach the cart goal. Use the following format, for example: \"USD:180\" for each of the currencies available in your store and separate them with a comma. Note: If a specified currency target is not found, the target will not be displayed for that specific currency.","pt-BR":"O valor total no carrinho (sem moeda) necessário para atingir a meta do carrinho. Use o seguinte formato, por exemplo: \"BRL:200\" para cada uma das moedas disponíveis na sua loja e separe-as com uma vírgula. Observação: se uma meta de moeda especificada não for encontrada, a meta não será exibida para essa moeda específica."},"default":"BRL:200,\nUSD:180,\nGBP:150"},{"type":"richtext","id":"cart_goal_message_goal_not_reached","label":{"en":"Message - goal not achieved","pt-BR":"Mensagem - objetivo não alcançado"},"default":{"en":"<p>Spend <strong>[amount]<\/strong> or more to enjoy <strong>Free Shipping <\/strong>!<\/p>","pt-BR":"<p>Gastar <strong>[amount]<\/strong> ou mais para desfrutar <strong>Envio Grátis <\/strong>!<\/p>"}},{"type":"richtext","id":"cart_goal_message_goal_reached","label":{"en":"Message - goal reached","pt-BR":"Mensagem - meta alcançada"},"default":{"en":"<p>Congratulations! You won <strong>Free Shipping<\/strong>!<\/p>","pt-BR":"<p>Parabéns! Você ganhou <strong> Envio Grátis<\/strong>!<\/p>"}},{"type":"select","id":"cart_goal_color_not_reached","label":{"en":"Color - goal not achieved","pt-BR":"Cor - objetivo não alcançado"},"default":"bg-info","options":[{"value":"bg-primary","label":{"en":"Primary","pt-BR":"Primária"}},{"value":"bg-secondary","label":{"en":"Secondary","pt-BR":"Secundária"}},{"value":"bg-success","label":{"en":"Success","pt-BR":"Sucesso"}},{"value":"bg-danger","label":{"en":"Danger","pt-BR":"Perigo"}},{"value":"bg-warning","label":{"en":"Warning","pt-BR":"Aviso"}},{"value":"bg-info","label":{"en":"Info","pt-BR":"Informações"}}]},{"type":"select","id":"cart_goal_color_reached","label":{"en":"Color - Goal achieved","pt-BR":"Cor - objetivo alcançado"},"default":"bg-success","options":[{"value":"bg-primary","label":{"en":"Primary","pt-BR":"Primária"}},{"value":"bg-secondary","label":{"en":"Secondary","pt-BR":"Secundária"}},{"value":"bg-success","label":{"en":"Success","pt-BR":"Sucesso"}},{"value":"bg-danger","label":{"en":"Danger","pt-BR":"Perigo"}},{"value":"bg-warning","label":{"en":"Warning","pt-BR":"Aviso"}},{"value":"bg-info","label":{"en":"Info","pt-BR":"Informações"}}]}]},{"name":{"en":"Social media","pt-BR":"Redes sociais"},"settings":[{"type":"header","content":{"en":"Social sharing buttons","pt-BR":"Botões de compartilhamento"}},{"type":"checkbox","id":"share_facebook","label":{"en":"Share on Facebook","pt-BR":"Compartilhar no Facebook"},"default":true},{"type":"checkbox","id":"share_twitter","label":{"en":"Tweet on Twitter","pt-BR":"Tweet no Twitter"},"default":true},{"type":"checkbox","id":"share_pinterest","label":{"en":"Pin on Pinterest","pt-BR":"Pin no Pinterest"},"default":true},{"type":"checkbox","id":"share_whatsapp","label":{"en":"Share on WhatsApp","pt-BR":"Compartilhe no WhatsApp"},"default":true},{"type":"checkbox","id":"share_email","label":{"en":"Send via e-mail","pt-BR":"Enviar via e-mail"},"default":true},{"type":"select","id":"share_button_animate","label":{"en":"Hover icon animation","pt-BR":"Animação de ícone ao passar o mouse"},"info":{"en":"Animation effect when hover. Leave empty to disable [Learn More](https:\/\/animate.style\/).","pt-BR":"Efeito de animação ao passar o mouse. Deixe vazio para desativar [Saiba mais](https:\/\/animate.style\/)."},"default":"animate__wobble","options":[{"value":"animate__bounce","label":"Bounce"},{"value":"animate__flash","label":"Flash"},{"value":"animate__pulse","label":"Pulse"},{"value":"animate__rubberBand","label":"rubberBand"},{"value":"animate__shakeX","label":"ShakeX"},{"value":"animate__shakeY","label":"ShakeY"},{"value":"animate__headShake","label":"headShake"},{"value":"animate__swing","label":"Swing"},{"value":"animate__tada","label":"Tada"},{"value":"animate__wobble","label":"Wobble"},{"value":"animate__jello","label":"Jello"},{"value":"animate__heartBeat","label":"heartBeat"}]},{"type":"header","content":{"en":"Social media links","pt-BR":"Links de mídia social"}},{"type":"text","id":"social_facebook_link","label":{"en":"Facebook link","pt-BR":"Link do Facebook"}},{"type":"text","id":"social_twitter_link","label":{"en":"Twitter link","pt-BR":"Link do Twitter"}},{"type":"text","id":"social_instagram_link","label":{"en":"Instagram link","pt-BR":"Link do Instagram"}},{"type":"text","id":"social_tiktok_link","label":{"en":"TikTok link","pt-BR":"Link do TikTok"}},{"type":"text","id":"social_pinterest_link","label":{"en":"Pinterest link","pt-BR":"Link do Pinterest"}},{"type":"text","id":"social_snapchat_link","label":{"en":"Snapchat link","pt-BR":"Link do Snapchat"}},{"type":"text","id":"social_youtube_link","label":{"en":"YouTube link","pt-BR":"Link do YouTube"}},{"type":"text","id":"social_linkedin_link","label":{"en":"Linkedin link","pt-BR":"Link do Linkedin"}}]},{"name":{"en":"Modals","pt-BR":"Modais"},"settings":[{"type":"header","content":{"en":"Animation","pt-BR":"Animação"}},{"type":"text","id":"modal_animation_enter","label":{"en":"Entry Animation","pt-BR":"Animação de Entrada"},"info":{"en":"Copy and paste the name of the animation (entry) from the website animate.style. Leave blank to disable and use Bootstrap's default transitions. [Learn more](https:\/\/animate.style)","pt-BR":"Copie e cole o nome da animação (entrada) do site animate.style. Deixe em branco para desativar e usar as transições padrão do Bootstrap. [Saber mais](https:\/\/animate.style)"},"default":"animate__jackInTheBox"},{"type":"text","id":"modal_animation_exit","label":{"en":"Exit Animation","pt-BR":"Animação de Saída"},"info":{"en":"Copy and paste the name of the animation (exit) from the website animate.style. Leave blank to disable and use Bootstrap's default transitions. [Learn more](https:\/\/animate.style)","pt-BR":"Copie e cole o nome da animação (saída) do site animate.style. Deixe em branco para desativar e usar as transições padrão do Bootstrap. [Saber mais](https:\/\/animate.style)"},"default":"animate__backOutDown"},{"type":"select","id":"modal_animation_speed","label":{"en":"Animation Speed","pt-BR":"Velocidade da Animação"},"default":"animate__normal","options":[{"value":"animate__slower","label":{"en":"Slower","pt-BR":"Mais lenta"}},{"value":"animate__slow","label":{"en":"Slow","pt-BR":"Lenta"}},{"value":"animate__normal","label":{"en":"Normal","pt-BR":"Normal"}},{"value":"animate__fast","label":{"en":"Fast","pt-BR":"Rápida"}},{"value":"animate__faster","label":{"en":"Faster","pt-BR":"Mais rápida"}}]}]},{"name":{"en":"Toast","pt-BR":"Toast"},"settings":[{"type":"paragraph","content":{"en":"Toast is used to display several important global messages, usually via ajax. (For example: when adding products to cart) [Learn More](https:\/\/getbootstrap.com\/docs\/4.5\/components\/toasts\/)","pt-BR":"O Toast é usado para exibir várias mensagens globais importantes, geralmente via ajax. (Por exemplo: ao adicionar produtos ao carrinho) [Saiba mais](https:\/\/getbootstrap.com\/docs\/4.5\/components\/toasts\/)"}},{"type":"header","content":{"en":"General settings","pt-BR":"Configurações gerais"}},{"type":"select","id":"toast_position","label":{"en":"Position","pt-BR":"Posição"},"default":"bottom-right","options":[{"value":"bottom-left","label":{"en":"Bottom left","pt-BR":"Inferior esquerdo"}},{"value":"bottom-center","label":{"en":"Bottom center","pt-BR":"Centro inferior"}},{"value":"bottom-right","label":{"en":"Bottom right","pt-BR":"Inferior direito"}}]},{"type":"range","id":"toast_delay","min":10,"max":60,"step":1,"unit":"sec","label":{"en":"Auto hide","pt-BR":"Ocultar automaticamente"},"default":15},{"type":"text","id":"toast_img_width","label":{"en":"Image width (px)","pt-BR":"Largura da imagem (px)"},"default":"60"},{"type":"text","id":"toast_img_height","label":{"en":"Image height (px)","pt-BR":"Altura da imagem (px)"},"default":"60"},{"type":"checkbox","id":"toast_img_thumbnail","label":{"en":"Image border","pt-BR":"Borda da imagem"},"default":true},{"type":"select","id":"toast_btn_color","label":{"en":"Button color","pt-BR":"Cor do botão"},"default":"button-buy","options":[{"group":"Normal","value":"btn-link","label":{"en":"Link","pt-BR":"Link"}},{"group":"Normal","value":"btn-light","label":{"en":"Light","pt-BR":"Claro"}},{"group":"Normal","value":"btn-dark","label":{"en":"Dark","pt-BR":"Escuro"}},{"group":"Normal","value":"button-buy","label":{"en":"Primary","pt-BR":"Primário"}},{"group":"Normal","value":"btn-secondary","label":{"en":"Secondary","pt-BR":"Secundário"}},{"group":"Normal","value":"btn-success","label":{"en":"Success","pt-BR":"Sucesso"}},{"group":"Normal","value":"btn-danger","label":{"en":"Danger","pt-BR":"Perigo"}},{"group":"Normal","value":"btn-warning","label":{"en":"Warning","pt-BR":"Aviso"}},{"group":"Normal","value":"btn-info","label":{"en":"Info","pt-BR":"Informações"}},{"group":"Outline","value":"btn-outline-dark","label":{"en":"Dark outline","pt-BR":"Contorno escuro"}},{"group":"Outline","value":"btn-outline-primary","label":{"en":"Primary outline","pt-BR":"Contorno cor do primário"}},{"group":"Outline","value":"btn-outline-secondary","label":{"en":"Secondary outline","pt-BR":"Contorno cor do secundário"}},{"group":"Outline","value":"btn-outline-success","label":{"en":"Success outline","pt-BR":"Contorno do sucesso"}},{"group":"Outline","value":"btn-outline-danger","label":{"en":"Danger outline","pt-BR":"Contorno cor do perigo"}},{"group":"Outline","value":"btn-outline-warning","label":{"en":"Warning outline","pt-BR":"Contorno cor do aviso"}},{"group":"Outline","value":"btn-outline-info","label":{"en":"Info ouline","pt-BR":"Contorno cor do informações"}}]},{"type":"select","id":"toast_btn_size","label":{"en":"Button size","pt-BR":"Tamanho do botão"},"default":"btn-sm","options":[{"value":"btn-sm","label":{"en":"Small","pt-BR":"Pequeno"}},{"value":"","label":{"en":"Normal","pt-BR":"Normal"}},{"value":"btn-lg","label":{"en":"Large","pt-BR":"Grande"}}]},{"type":"header","content":{"en":"Animation","pt-BR":"Animação"}},{"type":"text","id":"toast_animation_enter","label":{"en":"Entry Animation","pt-BR":"Animação de Entrada"},"info":{"en":"Copy and paste the name of the animation (entry) from the website animate.style. Leave blank to disable and use Bootstrap's default transitions. [Learn more](https:\/\/animate.style)","pt-BR":"Copie e cole o nome da animação (entrada) do site animate.style. Deixe em branco para desativar e usar as transições padrão do Bootstrap. [Saber mais](https:\/\/animate.style)"},"default":"animate__backInUp"},{"type":"text","id":"toast_animation_exit","label":{"en":"Exit Animation","pt-BR":"Animação de Saída"},"info":{"en":"Copy and paste the name of the animation (exit) from the website animate.style. Leave blank to disable and use Bootstrap's default transitions. [Learn more](https:\/\/animate.style)","pt-BR":"Copie e cole o nome da animação (saída) do site animate.style. Deixe em branco para desativar e usar as transições padrão do Bootstrap. [Saber mais](https:\/\/animate.style)"},"default":"animate__backOutDown"},{"type":"select","id":"toast_animation_speed","label":{"en":"Animation Speed","pt-BR":"Velocidade da Animação"},"default":"animate__normal","options":[{"value":"animate__slower","label":{"en":"Slower","pt-BR":"Mais lenta"}},{"value":"animate__slow","label":{"en":"Slow","pt-BR":"Lenta"}},{"value":"animate__normal","label":{"en":"Normal","pt-BR":"Normal"}},{"value":"animate__fast","label":{"en":"Fast","pt-BR":"Rápida"}},{"value":"animate__faster","label":{"en":"Faster","pt-BR":"Mais rápida"}}]}]},{"name":{"en":"Cookie Bar","pt-BR":"Barra de Cookies"},"settings":[{"type":"paragraph","content":{"en":"Display cookie bar consent message to your visitors (IP detectable) to comply with GDPR law. [Learn more](https:\/\/cookie-bar.eu\/)","pt-BR":"Exibir a mensagem de consentimento da barra de cookies para seus visitantes (com detecção de IP) para cumprir a lei GDPR. [Saber mais](https:\/\/cookie-bar.eu\/)"}},{"type":"checkbox","id":"cookie_bar_enable","label":{"en":"Enable cookie bar","pt-BR":"Habilitar barra de cookies"},"default":false},{"type":"header","content":{"en":"General settings","pt-BR":"Configurações gerais"}},{"type":"select","id":"cookie_bar_lang","label":{"en":"Language","pt-BR":"Idioma"},"default":"","options":[{"value":"","label":{"en":"Autodetect","pt-BR":"Detectar automáticamente"}},{"value":"br","label":{"en":"Brazilian Portuguese","pt-BR":"Português Brasileiro"}},{"value":"bg","label":{"en":"Bulgarian","pt-BR":"Búlgaro"}},{"value":"ca","label":{"en":"Catalan","pt-BR":"Catalão"}},{"value":"hr","label":{"en":"Croatian","pt-BR":"Croata"}},{"value":"cs","label":{"en":"Czech","pt-BR":"Tcheco"}},{"value":"da","label":{"en":"Danish","pt-BR":"Dinamarquês"}},{"value":"nl","label":{"en":"Dutch","pt-BR":"Holandês"}},{"value":"en","label":{"en":"English","pt-BR":"Inglês"}},{"value":"fr","label":{"en":"French","pt-BR":"Francês"}},{"value":"fi","label":{"en":"Finnish","pt-BR":"Finlandês"}},{"value":"de","label":{"en":"German","pt-BR":"Alemão"}},{"value":"el","label":{"en":"Greek","pt-BR":"Grego"}},{"value":"hu","label":{"en":"Hungarian","pt-BR":"Húngaro"}},{"value":"it","label":{"en":"Italian","pt-BR":"Italiano"}},{"value":"no","label":{"en":"Norvegian","pt-BR":"Norueguês"}},{"value":"es","label":{"en":"Spanish","pt-BR":"Espanhol"}},{"value":"se","label":{"en":"Swedish","pt-BR":"Sueco"}},{"value":"pl","label":{"en":"Polish","pt-BR":"Polonês"}},{"value":"pt","label":{"en":"Portugal Portuguese","pt-BR":"Português de Portugal"}},{"value":"ro","label":{"en":"Romanian","pt-BR":"Romeno"}},{"value":"ru","label":{"en":"Russian","pt-BR":"Russo"}},{"value":"sk","label":{"en":"Slovak","pt-BR":"Eslovaco"}},{"value":"sl","label":{"en":"Slovenian","pt-BR":"Esloveno"}},{"value":"tr","label":{"en":"Turkish","pt-BR":"Turco"}}]},{"type":"checkbox","id":"cookie_bar_no_geoip","label":{"en":"Disable GeoIP search","pt-BR":"Desativar pesquisa GeoIP"},"info":{"en":"Display cookie bar regardless of user location","pt-BR":"Exibir barra de cookies independentemente da localização do usuário"},"default":false},{"type":"checkbox","id":"cookie_bar_show_details_btn","label":{"en":"Show link 'Details'","pt-BR":"Mostrar link 'Detalhes'"},"default":false},{"type":"checkbox","id":"cookie_bar_show_policy_link","label":{"en":"Show link 'Privacy Policy'","pt-BR":"Mostrar link 'Política de Privacidade'"},"default":true},{"type":"text","id":"cookie_bar_remember","label":{"en":"Remember choice for x days","pt-BR":"Lembre-se da escolha por x dias"},"default":"30"},{"type":"header","content":{"en":"Advanced Settings","pt-BR":"Configurações Avançadas"}},{"type":"text","id":"cookie_bar_z_index","label":"Z-index","info":{"en":"Adjust if the cookie bar has stacking issues with other elements. [Learn more](https:\/\/developer.mozilla.org\/en-US\/docs\/Web\/CSS\/z-index)","pt-BR":"Ajuste se a barra de cookies tiver problemas de empilhamento com outros elementos. [Saber mais](https:\/\/developer.mozilla.org\/en-US\/docs\/Web\/CSS\/z-index)"},"default":"1"}]},{"name":{"en":"Advanced","pt-BR":"Avançado"},"settings":[{"type":"header","content":{"en":"Extra codes to make spying harder","pt-BR":"Códigos extras para dificultar a espionagem"}},{"type":"checkbox","id":"ali_hunter_enable","label":{"en":"AliHunter","pt-BR":"AliHunter"},"default":false},{"type":"checkbox","id":"botao_direito_enable","label":{"en":"Right mouse button","pt-BR":"Botão direito do mouse"},"default":false},{"type":"checkbox","id":"atalho_f12_enable","label":{"en":"F12","pt-BR":"Atalho F12"},"default":false},{"type":"checkbox","id":"selecionar_conteudo_enable","label":{"en":"Select content","pt-BR":"Selecionar conteúdo"},"default":false}]}]